
INSERT INTO public.grant_applicant (id, user_id)
    VALUES
    ('-1', 'urn:fdc:gov.uk:2022:fWal-gUz2TTpPZrp9-PgbW5jOk10hXfTy3cgxxW5HRE'),
    ('-2', 'urn:fdc:gov.uk:2022:1QUViebEw1PHGV7iShahw7hmaSG9OL4RFzY_WgR2qcY'),
    ('-3', 'urn:fdc:gov.uk:2022:HvA7mHQsM_eNX5tAYNj2Oyj8_d3sooEtRjo7wbOaROY');

insert into public.gap_user (gap_user_id, user_sub)
    VALUES
    ('-1', 'urn:fdc:gov.uk:2022:fWal-gUz2TTpPZrp9-PgbW5jOk10hXfTy3cgxxW5HRE'),
    ('-2', 'urn:fdc:gov.uk:2022:1QUViebEw1PHGV7iShahw7hmaSG9OL4RFzY_WgR2qcY'),
    ('-3', 'urn:fdc:gov.uk:2022:HvA7mHQsM_eNX5tAYNj2Oyj8_d3sooEtRjo7wbOaROY');


INSERT INTO public.grant_funding_organisation(funder_id, organisation_name)
	VALUES ('-1', 'Cypress - Test Funding Organisation');

-- insert grant_admin
INSERT INTO public.grant_admin(grant_admin_id, funder_id, user_id)
	VALUES
	('-1', '-1', '-1'),
    ('-2', '-1', '-2');

INSERT INTO public.grant_applicant_organisation_profile(
	id, address_line1, address_line2, charity_commission_number, companies_house_number, county, legal_name, postcode, town, type, applicant_id)
	VALUES
	('-1', null, null, null, null, null, null, null, null, null, '-1'),
	('-2', null, null, null, null, null, null, null, null, null, '-2'),
	('-3', null, null, null, null, null, null, null, null, null, '-3');
	
-- V1 Grant
INSERT INTO public.grant_scheme(
	grant_scheme_id, funder_id, version, ggis_identifier, created_date, last_updated, last_updated_by, scheme_name, scheme_contact, created_by)
	VALUES ('-1', '-1', 1, 'GGIS_ID_1', NOW(), NOW(), '-2', 'Cypress - Test Scheme V1', 'findagrantdeveloper+admin@cabinetoffice.gov.uk', '-2');


insert into public.grant_application (grant_application_id, grant_scheme_id, version, created, last_update_by, last_updated, application_name, status, definition, created_by, last_published)
VALUES ('-1', '-1', 1,  NOW(), -2, NOW(), 'Cypress - Test Application V1', 'PUBLISHED',
    '{"sections":[{"sectionId":"ELIGIBILITY","sectionTitle":"Eligibility","sectionStatus":"COMPLETE","questions":[{"questionId":"ELIGIBILITY","fieldTitle":"Eligibility Statement","displayText":"eligibility","questionSuffix":"Does your organisation meet the eligibility criteria?","responseType":"YesNo","validation":{"mandatory":true}}]},{"sectionId":"ESSENTIAL","sectionTitle":"Required checks","sectionStatus":"COMPLETE","questions":[{"questionId":"APPLICANT_ORG_NAME","profileField":"ORG_NAME","fieldTitle":"Enter the name of your organisation","hintText":"This is the official name of your organisation. It could be the name that is registered with Companies House or the Charities Commission","adminSummary":"organisation legal name","responseType":"ShortAnswer","validation":{"mandatory":true,"minLength":2,"maxLength":250}},{"questionId":"APPLICANT_TYPE","profileField":"ORG_TYPE","fieldTitle":"Choose your organisation type","hintText":"Choose the option that best describes your organisation","adminSummary":"organisation type (e.g. limited company)","responseType":"Dropdown","validation":{"mandatory":true},"options":["Limited company","Non-limited company","Registered charity","Unregistered charity","Other"]},{"questionId":"APPLICANT_ORG_ADDRESS","profileField":"ORG_ADDRESS","fieldTitle":"Enter your organisation''s address","adminSummary":"registered address","responseType":"AddressInput","validation":{"mandatory":true}},{"questionId":"APPLICANT_ORG_CHARITY_NUMBER","profileField":"ORG_CHARITY_NUMBER","fieldTitle":"Enter your Charity Commission number (if you have one)","hintText":"Funding organisation might use this to identify your organisation when you apply for a grant. It might also be used to check your organisation is legitimate.","adminSummary":"Charity Commission number (if applicable)","responseType":"ShortAnswer","validation":{"mandatory":false,"minLength":2,"maxLength":15,"validInput":"alphanumeric-nospace"}},{"questionId":"APPLICANT_ORG_COMPANIES_HOUSE","profileField":"ORG_COMPANIES_HOUSE","fieldTitle":"Enter your Companies House number (if you have one)","hintText":"Funding organisation might use this to identify your organisation when you apply for a grant. It might also be used to check your organisation is legitimate.","adminSummary":"Companies House number (if applicable)","responseType":"ShortAnswer","validation":{"mandatory":false,"minLength":2,"maxLength":8,"validInput":"alphanumeric-nospace"}},{"questionId":"APPLICANT_AMOUNT","fieldPrefix":"£","fieldTitle":"How much does your organisation require as a grant?","hintText":"Please enter whole pounds only","adminSummary":"amount of funding required","responseType":"Numeric","validation":{"mandatory":true,"greaterThanZero":true}},{"questionId":"BENEFITIARY_LOCATION","fieldTitle":"Where will this funding be spent?","hintText":"Select the location where the grant funding will be spent. You can choose more than one, if it is being spent in more than one location.\n\nSelect all that apply:","adminSummary":"where the funding will be spent","responseType":"MultipleSelection","validation":{"mandatory":true},"options":["North East England","North West England","South East England","South West England","Midlands","Scotland","Wales","Northern Ireland"]}]},{"sectionId":"33b0559f-1cf5-4d22-b4a9-c35a300c876e","sectionTitle":"Custom Section","questions":[{"questionId":"c8890343-5722-42d9-845a-6226e4fde6c8","fieldTitle":"Custom Question 1","hintText":"Short description","responseType":"YesNo","validation":{"mandatory":true}},{"questionId":"8c4bf8f9-e175-4bd8-a54f-3d9587767bca","fieldTitle":"Custom Question 2","hintText":"Short description","responseType":"ShortAnswer","validation":{"mandatory":true,"maxLength":250,"minLength":1}},{"questionId":"d864dc12-d12c-411c-9e2f-8097fa8c5b90","fieldTitle":"Custom Question 3","hintText":"Short description","responseType":"LongAnswer","validation":{"mandatory":true,"maxLength":6000,"minLength":2}},{"questionId":"0f0f03e1-9636-4d0d-bd98-e72690307156","fieldTitle":"Custom Question 4","hintText":"Short description","responseType":"Dropdown","validation":{"mandatory":false},"options":["Choice 1","Choice 2"]},{"questionId":"9e9038d1-3911-4e60-9f15-3b2c319506ac","fieldTitle":"Custom Question 5","hintText":"Short description","responseType":"MultipleSelection","validation":{"mandatory":false},"options":["Choice 1","Choice 2"]},{"questionId":"178a34aa-2b23-46db-9831-421db766234c","fieldTitle":"Custom Question 6","hintText":"Short description","responseType":"SingleFileUpload","validation":{"mandatory":true,"maxFileSizeMB":300,"allowedTypes":["DOC","DOCX","ODT","PDF","XLS","XLSX","ZIP"]}},{"questionId":"e228a74a-290c-4b60-b4c1-d20b138ae10d","fieldTitle":"Custom Question 7","hintText":"Short description","responseType":"Date","validation":{"mandatory":true}}]}]}'
    ,'-2', NOW());

INSERT INTO public.grant_advert(
grant_advert_id, contentful_entry_id, contentful_slug, created, grant_advert_name, last_updated, response, status, version, created_by, last_updated_by, scheme_id, opening_date, closing_date, first_published_date, last_published_date, unpublished_date)
VALUES
    (
        '00000000-0000-0000-0000-000000000000', 'cypress_test_contentful_id', 'cypress_test_advert_contentful_slug', now(), 'Cypress - Automated E2E Test Grant V1', now(),
    '{"sections":[{"sectionId":"ELIGIBILITY","sectionTitle":"Eligibility","sectionStatus":"COMPLETE","questions":[{"questionId":"ELIGIBILITY","fieldTitle":"Eligibility Statement","displayText":"eligibility","questionSuffix":"Does your organisation meet the eligibility criteria?","responseType":"YesNo","validation":{"mandatory":true}}]},{"sectionId":"ESSENTIAL","sectionTitle":"Required checks","sectionStatus":"COMPLETE","questions":[{"questionId":"APPLICANT_ORG_NAME","profileField":"ORG_NAME","fieldTitle":"Enter the name of your organisation","hintText":"This is the official name of your organisation. It could be the name that is registered with Companies House or the Charities Commission","adminSummary":"organisation legal name","responseType":"ShortAnswer","validation":{"mandatory":true,"minLength":2,"maxLength":250}},{"questionId":"APPLICANT_TYPE","profileField":"ORG_TYPE","fieldTitle":"Choose your organisation type","hintText":"Choose the option that best describes your organisation","adminSummary":"organisation type (e.g. limited company)","responseType":"Dropdown","validation":{"mandatory":true},"options":["Limited company","Non-limited company","Registered charity","Unregistered charity","Other"]},{"questionId":"APPLICANT_ORG_ADDRESS","profileField":"ORG_ADDRESS","fieldTitle":"Enter your organisation''s address","adminSummary":"registered address","responseType":"AddressInput","validation":{"mandatory":true}},{"questionId":"APPLICANT_ORG_CHARITY_NUMBER","profileField":"ORG_CHARITY_NUMBER","fieldTitle":"Enter your Charity Commission number (if you have one)","hintText":"Funding organisation might use this to identify your organisation when you apply for a grant. It might also be used to check your organisation is legitimate.","adminSummary":"Charity Commission number (if applicable)","responseType":"ShortAnswer","validation":{"mandatory":false,"minLength":2,"maxLength":15,"validInput":"alphanumeric-nospace"}},{"questionId":"APPLICANT_ORG_COMPANIES_HOUSE","profileField":"ORG_COMPANIES_HOUSE","fieldTitle":"Enter your Companies House number (if you have one)","hintText":"Funding organisation might use this to identify your organisation when you apply for a grant. It might also be used to check your organisation is legitimate.","adminSummary":"Companies House number (if applicable)","responseType":"ShortAnswer","validation":{"mandatory":false,"minLength":2,"maxLength":8,"validInput":"alphanumeric-nospace"}},{"questionId":"APPLICANT_AMOUNT","fieldPrefix":"£","fieldTitle":"How much does your organisation require as a grant?","hintText":"Please enter whole pounds only","adminSummary":"amount of funding required","responseType":"Numeric","validation":{"mandatory":true,"greaterThanZero":true}},{"questionId":"BENEFITIARY_LOCATION","fieldTitle":"Where will this funding be spent?","hintText":"Select the location where the grant funding will be spent. You can choose more than one, if it is being spent in more than one location.\n\nSelect all that apply:","adminSummary":"where the funding will be spent","responseType":"MultipleSelection","validation":{"mandatory":true},"options":["North East England","North West England","South East England","South West England","Midlands","Scotland","Wales","Northern Ireland"]}]},{"sectionId":"33b0559f-1cf5-4d22-b4a9-c35a300c876e","sectionTitle":"Custom Section","questions":[{"questionId":"c8890343-5722-42d9-845a-6226e4fde6c8","fieldTitle":"Custom Question 1","hintText":"Short description","responseType":"YesNo","validation":{"mandatory":true}},{"questionId":"8c4bf8f9-e175-4bd8-a54f-3d9587767bca","fieldTitle":"Custom Question 2","hintText":"Short description","responseType":"ShortAnswer","validation":{"mandatory":true,"maxLength":250,"minLength":1}},{"questionId":"d864dc12-d12c-411c-9e2f-8097fa8c5b90","fieldTitle":"Custom Question 3","hintText":"Short description","responseType":"LongAnswer","validation":{"mandatory":true,"maxLength":6000,"minLength":2}},{"questionId":"0f0f03e1-9636-4d0d-bd98-e72690307156","fieldTitle":"Custom Question 4","hintText":"Short description","responseType":"Dropdown","validation":{"mandatory":false},"options":["Choice 1","Choice 2"]},{"questionId":"9e9038d1-3911-4e60-9f15-3b2c319506ac","fieldTitle":"Custom Question 5","hintText":"Short description","responseType":"MultipleSelection","validation":{"mandatory":false},"options":["Choice 1","Choice 2"]},{"questionId":"178a34aa-2b23-46db-9831-421db766234c","fieldTitle":"Custom Question 6","hintText":"Short description","responseType":"SingleFileUpload","validation":{"mandatory":true,"maxFileSizeMB":300,"allowedTypes":["DOC","DOCX","ODT","PDF","XLS","XLSX","ZIP"]}},{"questionId":"e228a74a-290c-4b60-b4c1-d20b138ae10d","fieldTitle":"Custom Question 7","hintText":"Short description","responseType":"Date","validation":{"mandatory":true}}]}]}',
        'PUBLISHED', 1, '-2', '-2', '-1', now(), now() + interval '3 days', null, null, null
    );

 --INSERT INTO grant_advert (grant_advert_id, contentful_entry_id, contentful_slug, created, grant_advert_name, last_updated, response, status, version, created_by, last_updated_by, scheme_id, opening_date, closing_date, first_published_date, last_published_date, unpublished_date)
 --VALUES
 -- ('ce87733c-d165-4af2-a910-4021253597ef', 'bf3fba05-9bc3-444b-9880-0684f81653aa', 'voluptate-accusamus-magnam', '2023-09-20T18:45:27.209Z', 'BauchHagenesandOsinski',  '2023-09-20T21:21:47.021Z',
 --  '{"sections":[{"pages":[{"questions":[{"id":"grantShortDescription","seen":true,"response":"This is a grant advert test","multiResponse":null}],"id":"1","status":"COMPLETED"},{"questions":[{"id":"grantLocation","seen":true,"response":null,"multiResponse":["National"]}],"id":"2","status":"COMPLETED"},{"questions":[{"id":"grantFunder","seen":true,"response":"The Cabinet Office","multiResponse":null}],"id":"3","status":"COMPLETED"},{"questions":[{"id":"grantApplicantType","seen":true,"response":null,"multiResponse":["Personal / Individual"]}],"id":"4","status":"COMPLETED"}],"id":"grantDetails","status":"COMPLETED"},{"pages":[{"questions":[{"id":"grantTotalAwardAmount","seen":true,"response":"1000","multiResponse":null},{"id":"grantMaximumAward","seen":true,"response":"100","multiResponse":null},{"id":"grantMinimumAward","seen":true,"response":"10","multiResponse":null}],"id":"1","status":"COMPLETED"}],"id":"awardAmounts","status":"COMPLETED"},{"pages":[{"questions":[{"id":"grantApplicationOpenDate","seen":true,"response":null,"multiResponse":["1","1","2099","00","01"]},{"id":"grantApplicationCloseDate","seen":true,"response":null,"multiResponse":["2","1","2099","23","59"]}],"id":"1","status":"COMPLETED"}],"id":"applicationDates","status":"COMPLETED"},{"pages":[{"questions":[{"id":"grantWebpageUrl","seen":true,"response":"https://A-TEST-LINK.com","multiResponse":null}],"id":"1","status":"COMPLETED"}],"id":"howToApply","status":"COMPLETED"},{"pages":[{"questions":[{"id":"grantEligibilityTab","seen":true,"response":null,"multiResponse":["<p>eligibility test info</p>","{\"nodeType\":\"document\",\"data\":{},\"content\":[{\"nodeType\":\"paragraph\",\"content\":[{\"nodeType\":\"text\",\"value\":\"eligibility test info\",\"marks\":[],\"data\":{}}],\"data\":{}}]}"]}],"id":"1","status":"COMPLETED"},{"questions":[{"id":"grantSummaryTab","seen":true,"response":null,"multiResponse":["<p>a long test description</p>","{\"nodeType\":\"document\",\"data\":{},\"content\":[{\"nodeType\":\"paragraph\",\"content\":[{\"nodeType\":\"text\",\"value\":\"a long test description\",\"marks\":[],\"data\":{}}],\"data\":{}}]}"]}],"id":"2","status":"COMPLETED"},{"questions":[{"id":"grantDatesTab","seen":true,"response":null,"multiResponse":["<p>this is details about dates</p>","{\"nodeType\":\"document\",\"data\":{},\"content\":[{\"nodeType\":\"paragraph\",\"content\":[{\"nodeType\":\"text\",\"value\":\"this is details about dates\",\"marks\":[],\"data\":{}}],\"data\":{}}]}"]}],"id":"3","status":"COMPLETED"},{"questions":[{"id":"grantObjectivesTab","seen":true,"response":null,"multiResponse":["<p>this is details about objectives</p>","{\"nodeType\":\"document\",\"data\":{},\"content\":[{\"nodeType\":\"paragraph\",\"content\":[{\"nodeType\":\"text\",\"value\":\"this is details about objectives\",\"marks\":[],\"data\":{}}],\"data\":{}}]}"]}],"id":"4","status":"COMPLETED"},{"questions":[{"id":"grantApplyTab","seen":true,"response":null,"multiResponse":["<p>this is information on how to apply</p>","{\"nodeType\":\"document\",\"data\":{},\"content\":[{\"nodeType\":\"paragraph\",\"content\":[{\"nodeType\":\"text\",\"value\":\"this is information on how to apply\",\"marks\":[],\"data\":{}}],\"data\":{}}]}"]}],"id":"5","status":"COMPLETED"},{"questions":[{"id":"grantSupportingInfoTab","seen":true,"response":null,"multiResponse":["<p>this is supporting information</p>","{\"nodeType\":\"document\",\"data\":{},\"content\":[{\"nodeType\":\"paragraph\",\"content\":[{\"nodeType\":\"text\",\"value\":\"this is supporting information\",\"marks\":[],\"data\":{}}],\"data\":{}}]}"]}],"id":"6","status":"COMPLETED"}],"id":"furtherInformation","status":"COMPLETED"}]}',
 --'PUBLISHED', 1, '-5', '-5', '-1', '2023-09-20T21:28:40.640Z', '2024-02-25T23:23:22.928Z', '2023-09-20T18:42:39.911Z', '2023-09-20T16:39:06.951Z', '2024-07-09T17:01:50.231Z');

-- V2 Grant (Internal)
INSERT INTO public.grant_scheme(
	grant_scheme_id, funder_id, version, ggis_identifier, created_date, last_updated, last_updated_by, scheme_name, scheme_contact, created_by)
	VALUES ('-2', '-1', 2, 'GGIS_ID_2', NOW(), NOW(), '-2', 'Cypress - Test Scheme V2 Internal', 'findagrantdeveloper+admin@cabinetoffice.gov.uk', '-2');

INSERT INTO public.grant_advert(
grant_advert_id, contentful_entry_id, contentful_slug, created, grant_advert_name, last_updated, response, status, version, created_by, last_updated_by, scheme_id, opening_date, closing_date, first_published_date, last_published_date, unpublished_date)
VALUES
    (
        '00000000-0000-0000-0000-000000000001', 'cypress_test_contentful_id_v2_internal', 'cypress_test_advert_contentful_slug_v2_internal', now(), 'Cypress - Automated E2E Test Grant V2 Internal', now(),
    '{"sections":[{"sectionId":"ELIGIBILITY","sectionTitle":"Eligibility","sectionStatus":"COMPLETE","questions":[{"questionId":"ELIGIBILITY","fieldTitle":"Eligibility Statement","displayText":"eligibility","questionSuffix":"Does your organisation meet the eligibility criteria?","responseType":"YesNo","validation":{"mandatory":true}}]},{"sectionId":"ESSENTIAL","sectionTitle":"Required checks","sectionStatus":"COMPLETE","questions":[{"questionId":"APPLICANT_ORG_NAME","profileField":"ORG_NAME","fieldTitle":"Enter the name of your organisation","hintText":"This is the official name of your organisation. It could be the name that is registered with Companies House or the Charities Commission","adminSummary":"organisation legal name","responseType":"ShortAnswer","validation":{"mandatory":true,"minLength":2,"maxLength":250}},{"questionId":"APPLICANT_TYPE","profileField":"ORG_TYPE","fieldTitle":"Choose your organisation type","hintText":"Choose the option that best describes your organisation","adminSummary":"organisation type (e.g. limited company)","responseType":"Dropdown","validation":{"mandatory":true},"options":["Limited company","Non-limited company","Registered charity","Unregistered charity","Other"]},{"questionId":"APPLICANT_ORG_ADDRESS","profileField":"ORG_ADDRESS","fieldTitle":"Enter your organisation''s address","adminSummary":"registered address","responseType":"AddressInput","validation":{"mandatory":true}},{"questionId":"APPLICANT_ORG_CHARITY_NUMBER","profileField":"ORG_CHARITY_NUMBER","fieldTitle":"Enter your Charity Commission number (if you have one)","hintText":"Funding organisation might use this to identify your organisation when you apply for a grant. It might also be used to check your organisation is legitimate.","adminSummary":"Charity Commission number (if applicable)","responseType":"ShortAnswer","validation":{"mandatory":false,"minLength":2,"maxLength":15,"validInput":"alphanumeric-nospace"}},{"questionId":"APPLICANT_ORG_COMPANIES_HOUSE","profileField":"ORG_COMPANIES_HOUSE","fieldTitle":"Enter your Companies House number (if you have one)","hintText":"Funding organisation might use this to identify your organisation when you apply for a grant. It might also be used to check your organisation is legitimate.","adminSummary":"Companies House number (if applicable)","responseType":"ShortAnswer","validation":{"mandatory":false,"minLength":2,"maxLength":8,"validInput":"alphanumeric-nospace"}},{"questionId":"APPLICANT_AMOUNT","fieldPrefix":"£","fieldTitle":"How much does your organisation require as a grant?","hintText":"Please enter whole pounds only","adminSummary":"amount of funding required","responseType":"Numeric","validation":{"mandatory":true,"greaterThanZero":true}},{"questionId":"BENEFITIARY_LOCATION","fieldTitle":"Where will this funding be spent?","hintText":"Select the location where the grant funding will be spent. You can choose more than one, if it is being spent in more than one location.\n\nSelect all that apply:","adminSummary":"where the funding will be spent","responseType":"MultipleSelection","validation":{"mandatory":true},"options":["North East England","North West England","South East England","South West England","Midlands","Scotland","Wales","Northern Ireland"]}]},{"sectionId":"33b0559f-1cf5-4d22-b4a9-c35a300c876e","sectionTitle":"Custom Section","questions":[{"questionId":"c8890343-5722-42d9-845a-6226e4fde6c8","fieldTitle":"Custom Question 1","hintText":"Short description","responseType":"YesNo","validation":{"mandatory":true}},{"questionId":"8c4bf8f9-e175-4bd8-a54f-3d9587767bca","fieldTitle":"Custom Question 2","hintText":"Short description","responseType":"ShortAnswer","validation":{"mandatory":true,"maxLength":250,"minLength":1}},{"questionId":"d864dc12-d12c-411c-9e2f-8097fa8c5b90","fieldTitle":"Custom Question 3","hintText":"Short description","responseType":"LongAnswer","validation":{"mandatory":true,"maxLength":6000,"minLength":2}},{"questionId":"0f0f03e1-9636-4d0d-bd98-e72690307156","fieldTitle":"Custom Question 4","hintText":"Short description","responseType":"Dropdown","validation":{"mandatory":false},"options":["Choice 1","Choice 2"]},{"questionId":"9e9038d1-3911-4e60-9f15-3b2c319506ac","fieldTitle":"Custom Question 5","hintText":"Short description","responseType":"MultipleSelection","validation":{"mandatory":false},"options":["Choice 1","Choice 2"]},{"questionId":"178a34aa-2b23-46db-9831-421db766234c","fieldTitle":"Custom Question 6","hintText":"Short description","responseType":"SingleFileUpload","validation":{"mandatory":true,"maxFileSizeMB":300,"allowedTypes":["DOC","DOCX","ODT","PDF","XLS","XLSX","ZIP"]}},{"questionId":"e228a74a-290c-4b60-b4c1-d20b138ae10d","fieldTitle":"Custom Question 7","hintText":"Short description","responseType":"Date","validation":{"mandatory":true}}]}]}',
        'PUBLISHED', 2, '-2', '-2', '-2', now(), now() + interval '3 days', null, null, null
    );

insert into public.grant_application (grant_application_id, grant_scheme_id, version, created, last_update_by, last_updated, application_name, status, definition, created_by, last_published)
VALUES ('-2', '-2', 2,  NOW(), -2, NOW(), 'Cypress - Test Application V2 Internal', 'PUBLISHED',
    '{"sections":[{"sectionId":"ELIGIBILITY","sectionTitle":"Eligibility","sectionStatus":"COMPLETE","questions":[{"questionId":"ELIGIBILITY","fieldTitle":"Eligibility Statement","displayText":"eligibility","questionSuffix":"Does your organisation meet the eligibility criteria?","responseType":"YesNo","validation":{"mandatory":true}}]},{"sectionId":"ESSENTIAL","sectionTitle":"Required checks","sectionStatus":"COMPLETE","questions":[{"questionId":"APPLICANT_ORG_NAME","profileField":"ORG_NAME","fieldTitle":"Enter the name of your organisation","hintText":"This is the official name of your organisation. It could be the name that is registered with Companies House or the Charities Commission","adminSummary":"organisation legal name","responseType":"ShortAnswer","validation":{"mandatory":true,"minLength":2,"maxLength":250}},{"questionId":"APPLICANT_TYPE","profileField":"ORG_TYPE","fieldTitle":"Choose your organisation type","hintText":"Choose the option that best describes your organisation","adminSummary":"organisation type (e.g. limited company)","responseType":"Dropdown","validation":{"mandatory":true},"options":["Limited company","Non-limited company","Registered charity","Unregistered charity","Other"]},{"questionId":"APPLICANT_ORG_ADDRESS","profileField":"ORG_ADDRESS","fieldTitle":"Enter your organisation''s address","adminSummary":"registered address","responseType":"AddressInput","validation":{"mandatory":true}},{"questionId":"APPLICANT_ORG_CHARITY_NUMBER","profileField":"ORG_CHARITY_NUMBER","fieldTitle":"Enter your Charity Commission number (if you have one)","hintText":"Funding organisation might use this to identify your organisation when you apply for a grant. It might also be used to check your organisation is legitimate.","adminSummary":"Charity Commission number (if applicable)","responseType":"ShortAnswer","validation":{"mandatory":false,"minLength":2,"maxLength":15,"validInput":"alphanumeric-nospace"}},{"questionId":"APPLICANT_ORG_COMPANIES_HOUSE","profileField":"ORG_COMPANIES_HOUSE","fieldTitle":"Enter your Companies House number (if you have one)","hintText":"Funding organisation might use this to identify your organisation when you apply for a grant. It might also be used to check your organisation is legitimate.","adminSummary":"Companies House number (if applicable)","responseType":"ShortAnswer","validation":{"mandatory":false,"minLength":2,"maxLength":8,"validInput":"alphanumeric-nospace"}},{"questionId":"APPLICANT_AMOUNT","fieldPrefix":"£","fieldTitle":"How much does your organisation require as a grant?","hintText":"Please enter whole pounds only","adminSummary":"amount of funding required","responseType":"Numeric","validation":{"mandatory":true,"greaterThanZero":true}},{"questionId":"BENEFITIARY_LOCATION","fieldTitle":"Where will this funding be spent?","hintText":"Select the location where the grant funding will be spent. You can choose more than one, if it is being spent in more than one location.\n\nSelect all that apply:","adminSummary":"where the funding will be spent","responseType":"MultipleSelection","validation":{"mandatory":true},"options":["North East England","North West England","South East England","South West England","Midlands","Scotland","Wales","Northern Ireland"]}]},{"sectionId":"33b0559f-1cf5-4d22-b4a9-c35a300c876e","sectionTitle":"Custom Section","questions":[{"questionId":"c8890343-5722-42d9-845a-6226e4fde6c8","fieldTitle":"Custom Question 1","hintText":"Short description","responseType":"YesNo","validation":{"mandatory":true}},{"questionId":"8c4bf8f9-e175-4bd8-a54f-3d9587767bca","fieldTitle":"Custom Question 2","hintText":"Short description","responseType":"ShortAnswer","validation":{"mandatory":true,"maxLength":250,"minLength":1}},{"questionId":"d864dc12-d12c-411c-9e2f-8097fa8c5b90","fieldTitle":"Custom Question 3","hintText":"Short description","responseType":"LongAnswer","validation":{"mandatory":true,"maxLength":6000,"minLength":2}},{"questionId":"0f0f03e1-9636-4d0d-bd98-e72690307156","fieldTitle":"Custom Question 4","hintText":"Short description","responseType":"Dropdown","validation":{"mandatory":false},"options":["Choice 1","Choice 2"]},{"questionId":"9e9038d1-3911-4e60-9f15-3b2c319506ac","fieldTitle":"Custom Question 5","hintText":"Short description","responseType":"MultipleSelection","validation":{"mandatory":false},"options":["Choice 1","Choice 2"]},{"questionId":"178a34aa-2b23-46db-9831-421db766234c","fieldTitle":"Custom Question 6","hintText":"Short description","responseType":"SingleFileUpload","validation":{"mandatory":true,"maxFileSizeMB":300,"allowedTypes":["DOC","DOCX","ODT","PDF","XLS","XLSX","ZIP"]}},{"questionId":"e228a74a-290c-4b60-b4c1-d20b138ae10d","fieldTitle":"Custom Question 7","hintText":"Short description","responseType":"Date","validation":{"mandatory":true}}]}]}'
    ,'-2', NOW());

-- V2 Grant (External)
INSERT INTO public.grant_scheme(
	grant_scheme_id, funder_id, version, ggis_identifier, created_date, last_updated, last_updated_by, scheme_name, scheme_contact, created_by)
	VALUES ('-3', '-1', 2, 'GGIS_ID_3', NOW(), NOW(), '-2', 'Cypress - Test Scheme V2 External', 'findagrantdeveloper+admin@cabinetoffice.gov.uk', '-2');

INSERT INTO public.grant_advert(
grant_advert_id, contentful_entry_id, contentful_slug, created, grant_advert_name, last_updated, response, status, version, created_by, last_updated_by, scheme_id, opening_date, closing_date, first_published_date, last_published_date, unpublished_date)
VALUES
    (
        '00000000-0000-0000-0000-000000000002', 'cypress_test_contentful_id_v2_external', 'cypress_test_advert_contentful_slug_v2_external', now(), 'Cypress - Automated E2E Test Grant V2 External', now(),
    '{"sections":[{"sectionId":"ELIGIBILITY","sectionTitle":"Eligibility","sectionStatus":"COMPLETE","questions":[{"questionId":"ELIGIBILITY","fieldTitle":"Eligibility Statement","displayText":"eligibility","questionSuffix":"Does your organisation meet the eligibility criteria?","responseType":"YesNo","validation":{"mandatory":true}}]},{"sectionId":"ESSENTIAL","sectionTitle":"Required checks","sectionStatus":"COMPLETE","questions":[{"questionId":"APPLICANT_ORG_NAME","profileField":"ORG_NAME","fieldTitle":"Enter the name of your organisation","hintText":"This is the official name of your organisation. It could be the name that is registered with Companies House or the Charities Commission","adminSummary":"organisation legal name","responseType":"ShortAnswer","validation":{"mandatory":true,"minLength":2,"maxLength":250}},{"questionId":"APPLICANT_TYPE","profileField":"ORG_TYPE","fieldTitle":"Choose your organisation type","hintText":"Choose the option that best describes your organisation","adminSummary":"organisation type (e.g. limited company)","responseType":"Dropdown","validation":{"mandatory":true},"options":["Limited company","Non-limited company","Registered charity","Unregistered charity","Other"]},{"questionId":"APPLICANT_ORG_ADDRESS","profileField":"ORG_ADDRESS","fieldTitle":"Enter your organisation''s address","adminSummary":"registered address","responseType":"AddressInput","validation":{"mandatory":true}},{"questionId":"APPLICANT_ORG_CHARITY_NUMBER","profileField":"ORG_CHARITY_NUMBER","fieldTitle":"Enter your Charity Commission number (if you have one)","hintText":"Funding organisation might use this to identify your organisation when you apply for a grant. It might also be used to check your organisation is legitimate.","adminSummary":"Charity Commission number (if applicable)","responseType":"ShortAnswer","validation":{"mandatory":false,"minLength":2,"maxLength":15,"validInput":"alphanumeric-nospace"}},{"questionId":"APPLICANT_ORG_COMPANIES_HOUSE","profileField":"ORG_COMPANIES_HOUSE","fieldTitle":"Enter your Companies House number (if you have one)","hintText":"Funding organisation might use this to identify your organisation when you apply for a grant. It might also be used to check your organisation is legitimate.","adminSummary":"Companies House number (if applicable)","responseType":"ShortAnswer","validation":{"mandatory":false,"minLength":2,"maxLength":8,"validInput":"alphanumeric-nospace"}},{"questionId":"APPLICANT_AMOUNT","fieldPrefix":"£","fieldTitle":"How much does your organisation require as a grant?","hintText":"Please enter whole pounds only","adminSummary":"amount of funding required","responseType":"Numeric","validation":{"mandatory":true,"greaterThanZero":true}},{"questionId":"BENEFITIARY_LOCATION","fieldTitle":"Where will this funding be spent?","hintText":"Select the location where the grant funding will be spent. You can choose more than one, if it is being spent in more than one location.\n\nSelect all that apply:","adminSummary":"where the funding will be spent","responseType":"MultipleSelection","validation":{"mandatory":true},"options":["North East England","North West England","South East England","South West England","Midlands","Scotland","Wales","Northern Ireland"]}]},{"sectionId":"33b0559f-1cf5-4d22-b4a9-c35a300c876e","sectionTitle":"Custom Section","questions":[{"questionId":"c8890343-5722-42d9-845a-6226e4fde6c8","fieldTitle":"Custom Question 1","hintText":"Short description","responseType":"YesNo","validation":{"mandatory":true}},{"questionId":"8c4bf8f9-e175-4bd8-a54f-3d9587767bca","fieldTitle":"Custom Question 2","hintText":"Short description","responseType":"ShortAnswer","validation":{"mandatory":true,"maxLength":250,"minLength":1}},{"questionId":"d864dc12-d12c-411c-9e2f-8097fa8c5b90","fieldTitle":"Custom Question 3","hintText":"Short description","responseType":"LongAnswer","validation":{"mandatory":true,"maxLength":6000,"minLength":2}},{"questionId":"0f0f03e1-9636-4d0d-bd98-e72690307156","fieldTitle":"Custom Question 4","hintText":"Short description","responseType":"Dropdown","validation":{"mandatory":false},"options":["Choice 1","Choice 2"]},{"questionId":"9e9038d1-3911-4e60-9f15-3b2c319506ac","fieldTitle":"Custom Question 5","hintText":"Short description","responseType":"MultipleSelection","validation":{"mandatory":false},"options":["Choice 1","Choice 2"]},{"questionId":"178a34aa-2b23-46db-9831-421db766234c","fieldTitle":"Custom Question 6","hintText":"Short description","responseType":"SingleFileUpload","validation":{"mandatory":true,"maxFileSizeMB":300,"allowedTypes":["DOC","DOCX","ODT","PDF","XLS","XLSX","ZIP"]}},{"questionId":"e228a74a-290c-4b60-b4c1-d20b138ae10d","fieldTitle":"Custom Question 7","hintText":"Short description","responseType":"Date","validation":{"mandatory":true}}]}]}',
        'PUBLISHED', 2, '-2', '-2', '-3', now(), now() + interval '3 days', null, null, null
    );